username,password,fire_contribution_count
jrkim2,password,1637
ychan43,is,1637
jshin88,very,1637
wanyoo2,safe,1637
user1,xyz123,1637
user2,xyz124,1637
user3,xyz125,1637
user4,xyz126,1637
user5,xyz127,1637
user6,xyz128,1637
user7,xyz129,1637
user8,xyz130,1637
user9,xyz131,1637
user10,xyz132,1637
user11,xyz133,1637
user12,xyz134,1637
user13,xyz135,1637
user14,xyz136,1637
user15,xyz137,1637
user16,xyz138,1637
user17,xyz139,1637
user18,xyz140,1637
user19,xyz141,1637
user20,xyz142,1637
user21,xyz143,1637
user22,xyz144,1637
user23,xyz145,1637
user24,xyz146,1637
user25,xyz147,1637
user26,xyz148,1637
user27,xyz149,1637
user28,xyz150,1637
user29,xyz151,1637
user30,xyz152,1637
user31,xyz153,1637
user32,xyz154,1637
user33,xyz155,1637
user34,xyz156,1637
user35,xyz157,1637
user36,xyz158,1637
user37,xyz159,1637
user38,xyz160,1637
user39,xyz161,1637
user40,xyz162,1637
user41,xyz163,1637
user42,xyz164,1637
user43,xyz165,1637
user44,xyz166,1637
user45,xyz167,1637
user46,xyz168,1637
user47,xyz169,1637
user48,xyz170,1637
user49,xyz171,1637
user50,xyz172,1637
user51,xyz173,1637
user52,xyz174,1637
user53,xyz175,1637
user54,xyz176,1637
user55,xyz177,1637
user56,xyz178,1637
user57,xyz179,1637
user58,xyz180,1637
user59,xyz181,1637
user60,xyz182,1637
user61,xyz183,1637
user62,xyz184,1637
user63,xyz185,1637
user64,xyz186,1637
user65,xyz187,1637
user66,xyz188,1637
user67,xyz189,1637
user68,xyz190,1637
user69,xyz191,1637
user70,xyz192,1637
user71,xyz193,1637
user72,xyz194,1637
user73,xyz195,1637
user74,xyz196,1637
user75,xyz197,1637
user76,xyz198,1637
user77,xyz199,1637
user78,xyz200,1637
user79,xyz201,1637
user80,xyz202,1637
user81,xyz203,1637
user82,xyz204,1637
user83,xyz205,1637
user84,xyz206,1637
user85,xyz207,1637
user86,xyz208,1637
user87,xyz209,1637
user88,xyz210,1637
user89,xyz211,1637
user90,xyz212,1637
user91,xyz213,1637
user92,xyz214,1637
user93,xyz215,1637
user94,xyz216,1637
user95,xyz217,1637
user96,xyz218,1637
user97,xyz219,1637
user98,xyz220,1637
user99,xyz221,1637
user100,xyz222,1637
user101,xyz223,1637
user102,xyz224,1637
user103,xyz225,1637
user104,xyz226,1637
user105,xyz227,1637
user106,xyz228,1637
user107,xyz229,1637
user108,xyz230,1637
user109,xyz231,1637
user110,xyz232,1637
user111,xyz233,1637
user112,xyz234,1637
user113,xyz235,1637
user114,xyz236,1637
user115,xyz237,1637
user116,xyz238,1637
user117,xyz239,1637
user118,xyz240,1637
user119,xyz241,1637
user120,xyz242,1637
user121,xyz243,1637
user122,xyz244,1637
user123,xyz245,1637
user124,xyz246,1637
user125,xyz247,1637
user126,xyz248,1637
user127,xyz249,1637
user128,xyz250,1637
user129,xyz251,1637
user130,xyz252,1637
user131,xyz253,1637
user132,xyz254,1637
user133,xyz255,1637
user134,xyz256,1637
user135,xyz257,1637
user136,xyz258,1637
user137,xyz259,1637
user138,xyz260,1637
user139,xyz261,1637
user140,xyz262,1637
user141,xyz263,1637
user142,xyz264,1637
user143,xyz265,1637
user144,xyz266,1637
user145,xyz267,1637
user146,xyz268,1637
user147,xyz269,1637
user148,xyz270,1637
user149,xyz271,1637
user150,xyz272,1637
user151,xyz273,1637
user152,xyz274,1637
user153,xyz275,1637
user154,xyz276,1637
user155,xyz277,1637
user156,xyz278,1637
user157,xyz279,1637
user158,xyz280,1637
user159,xyz281,1637
user160,xyz282,1637
user161,xyz283,1637
user162,xyz284,1637
user163,xyz285,1637
user164,xyz286,1637
user165,xyz287,1637
user166,xyz288,1637
user167,xyz289,1637
user168,xyz290,1637
user169,xyz291,1637
user170,xyz292,1637
user171,xyz293,1637
user172,xyz294,1637
user173,xyz295,1637
user174,xyz296,1637
user175,xyz297,1637
user176,xyz298,1637
user177,xyz299,1637
user178,xyz300,1637
user179,xyz301,1637
user180,xyz302,1637
user181,xyz303,1637
user182,xyz304,1637
user183,xyz305,1637
user184,xyz306,1637
user185,xyz307,1637
user186,xyz308,1637
user187,xyz309,1637
user188,xyz310,1637
user189,xyz311,1637
user190,xyz312,1637
user191,xyz313,1637
user192,xyz314,1637
user193,xyz315,1637
user194,xyz316,1637
user195,xyz317,1637
user196,xyz318,1637
user197,xyz319,1637
user198,xyz320,1637
user199,xyz321,1637
user200,xyz322,1637
user201,xyz323,1637
user202,xyz324,1637
user203,xyz325,1637
user204,xyz326,1637
user205,xyz327,1637
user206,xyz328,1637
user207,xyz329,1637
user208,xyz330,1637
user209,xyz331,1637
user210,xyz332,1637
user211,xyz333,1637
user212,xyz334,1637
user213,xyz335,1637
user214,xyz336,1637
user215,xyz337,1637
user216,xyz338,1637
user217,xyz339,1637
user218,xyz340,1637
user219,xyz341,1637
user220,xyz342,1637
user221,xyz343,1637
user222,xyz344,1637
user223,xyz345,1637
user224,xyz346,1637
user225,xyz347,1637
user226,xyz348,1637
user227,xyz349,1637
user228,xyz350,1637
user229,xyz351,1637
user230,xyz352,1637
user231,xyz353,1637
user232,xyz354,1637
user233,xyz355,1637
user234,xyz356,1637
user235,xyz357,1637
user236,xyz358,1637
user237,xyz359,1637
user238,xyz360,1637
user239,xyz361,1637
user240,xyz362,1637
user241,xyz363,1637
user242,xyz364,1637
user243,xyz365,1637
user244,xyz366,1637
user245,xyz367,1637
user246,xyz368,1637
user247,xyz369,1637
user248,xyz370,1637
user249,xyz371,1637
user250,xyz372,1637
user251,xyz373,1637
user252,xyz374,1637
user253,xyz375,1637
user254,xyz376,1637
user255,xyz377,1637
user256,xyz378,1637
user257,xyz379,1637
user258,xyz380,1637
user259,xyz381,1637
user260,xyz382,1637
user261,xyz383,1637
user262,xyz384,1637
user263,xyz385,1637
user264,xyz386,1637
user265,xyz387,1637
user266,xyz388,1637
user267,xyz389,1637
user268,xyz390,1637
user269,xyz391,1637
user270,xyz392,1637
user271,xyz393,1637
user272,xyz394,1637
user273,xyz395,1637
user274,xyz396,1637
user275,xyz397,1637
user276,xyz398,1637
user277,xyz399,1637
user278,xyz400,1637
user279,xyz401,1637
user280,xyz402,1637
user281,xyz403,1637
user282,xyz404,1637
user283,xyz405,1637
user284,xyz406,1637
user285,xyz407,1637
user286,xyz408,1637
user287,xyz409,1637
user288,xyz410,1637
user289,xyz411,1637
user290,xyz412,1637
user291,xyz413,1637
user292,xyz414,1637
user293,xyz415,1637
user294,xyz416,1637
user295,xyz417,1637
user296,xyz418,1637
user297,xyz419,1637
user298,xyz420,1637
user299,xyz421,1637
user300,xyz422,1637
user301,xyz423,1637
user302,xyz424,1637
user303,xyz425,1637
user304,xyz426,1637
user305,xyz427,1637
user306,xyz428,1637
user307,xyz429,1637
user308,xyz430,1637
user309,xyz431,1637
user310,xyz432,1637
user311,xyz433,1637
user312,xyz434,1637
user313,xyz435,1637
user314,xyz436,1637
user315,xyz437,1637
user316,xyz438,1637
user317,xyz439,1637
user318,xyz440,1637
user319,xyz441,1637
user320,xyz442,1637
user321,xyz443,1637
user322,xyz444,1637
user323,xyz445,1637
user324,xyz446,1637
user325,xyz447,1637
user326,xyz448,1637
user327,xyz449,1637
user328,xyz450,1637
user329,xyz451,1637
user330,xyz452,1637
user331,xyz453,1637
user332,xyz454,1637
user333,xyz455,1637
user334,xyz456,1637
user335,xyz457,1637
user336,xyz458,1637
user337,xyz459,1637
user338,xyz460,1637
user339,xyz461,1637
user340,xyz462,1637
user341,xyz463,1637
user342,xyz464,1637
user343,xyz465,1637
user344,xyz466,1637
user345,xyz467,1637
user346,xyz468,1637
user347,xyz469,1637
user348,xyz470,1637
user349,xyz471,1637
user350,xyz472,1637
user351,xyz473,1637
user352,xyz474,1637
user353,xyz475,1637
user354,xyz476,1637
user355,xyz477,1637
user356,xyz478,1637
user357,xyz479,1637
user358,xyz480,1637
user359,xyz481,1637
user360,xyz482,1637
user361,xyz483,1637
user362,xyz484,1637
user363,xyz485,1637
user364,xyz486,1637
user365,xyz487,1637
user366,xyz488,1637
user367,xyz489,1637
user368,xyz490,1637
user369,xyz491,1637
user370,xyz492,1637
user371,xyz493,1637
user372,xyz494,1637
user373,xyz495,1637
user374,xyz496,1637
user375,xyz497,1637
user376,xyz498,1637
user377,xyz499,1637
user378,xyz500,1637
user379,xyz501,1637
user380,xyz502,1637
user381,xyz503,1637
user382,xyz504,1637
user383,xyz505,1637
user384,xyz506,1637
user385,xyz507,1637
user386,xyz508,1637
user387,xyz509,1637
user388,xyz510,1637
user389,xyz511,1637
user390,xyz512,1637
user391,xyz513,1637
user392,xyz514,1637
user393,xyz515,1637
user394,xyz516,1637
user395,xyz517,1637
user396,xyz518,1637
user397,xyz519,1637
user398,xyz520,1637
user399,xyz521,1637
user400,xyz522,1637
user401,xyz523,1637
user402,xyz524,1637
user403,xyz525,1637
user404,xyz526,1637
user405,xyz527,1637
user406,xyz528,1637
user407,xyz529,1637
user408,xyz530,1637
user409,xyz531,1637
user410,xyz532,1637
user411,xyz533,1637
user412,xyz534,1637
user413,xyz535,1637
user414,xyz536,1637
user415,xyz537,1637
user416,xyz538,1637
user417,xyz539,1637
user418,xyz540,1637
user419,xyz541,1637
user420,xyz542,1637
user421,xyz543,1637
user422,xyz544,1637
user423,xyz545,1637
user424,xyz546,1637
user425,xyz547,1637
user426,xyz548,1637
user427,xyz549,1637
user428,xyz550,1637
user429,xyz551,1637
user430,xyz552,1637
user431,xyz553,1637
user432,xyz554,1637
user433,xyz555,1637
user434,xyz556,1637
user435,xyz557,1637
user436,xyz558,1637
user437,xyz559,1637
user438,xyz560,1637
user439,xyz561,1637
user440,xyz562,1637
user441,xyz563,1637
user442,xyz564,1637
user443,xyz565,1637
user444,xyz566,1637
user445,xyz567,1637
user446,xyz568,1637
user447,xyz569,1637
user448,xyz570,1637
user449,xyz571,1637
user450,xyz572,1637
user451,xyz573,1637
user452,xyz574,1637
user453,xyz575,1637
user454,xyz576,1637
user455,xyz577,1637
user456,xyz578,1637
user457,xyz579,1637
user458,xyz580,1637
user459,xyz581,1637
user460,xyz582,1637
user461,xyz583,1637
user462,xyz584,1637
user463,xyz585,1637
user464,xyz586,1637
user465,xyz587,1637
user466,xyz588,1637
user467,xyz589,1637
user468,xyz590,1637
user469,xyz591,1637
user470,xyz592,1637
user471,xyz593,1637
user472,xyz594,1637
user473,xyz595,1637
user474,xyz596,1637
user475,xyz597,1637
user476,xyz598,1637
user477,xyz599,1637
user478,xyz600,1637
user479,xyz601,1637
user480,xyz602,1637
user481,xyz603,1637
user482,xyz604,1637
user483,xyz605,1637
user484,xyz606,1637
user485,xyz607,1637
user486,xyz608,1637
user487,xyz609,1637
user488,xyz610,1637
user489,xyz611,1637
user490,xyz612,1637
user491,xyz613,1637
user492,xyz614,1637
user493,xyz615,1637
user494,xyz616,1637
user495,xyz617,1637
user496,xyz618,1637
user497,xyz619,1637
user498,xyz620,1637
user499,xyz621,1637
user500,xyz622,1637
user501,xyz623,1637
user502,xyz624,1637
user503,xyz625,1637
user504,xyz626,1637
user505,xyz627,1637
user506,xyz628,1637
user507,xyz629,1637
user508,xyz630,1637
user509,xyz631,1637
user510,xyz632,1637
user511,xyz633,1637
user512,xyz634,1637
user513,xyz635,1637
user514,xyz636,1637
user515,xyz637,1637
user516,xyz638,1637
user517,xyz639,1637
user518,xyz640,1637
user519,xyz641,1637
user520,xyz642,1637
user521,xyz643,1637
user522,xyz644,1637
user523,xyz645,1637
user524,xyz646,1637
user525,xyz647,1637
user526,xyz648,1637
user527,xyz649,1637
user528,xyz650,1637
user529,xyz651,1637
user530,xyz652,1637
user531,xyz653,1637
user532,xyz654,1637
user533,xyz655,1637
user534,xyz656,1637
user535,xyz657,1637
user536,xyz658,1637
user537,xyz659,1637
user538,xyz660,1637
user539,xyz661,1637
user540,xyz662,1637
user541,xyz663,1637
user542,xyz664,1637
user543,xyz665,1637
user544,xyz666,1637
user545,xyz667,1637
user546,xyz668,1637
user547,xyz669,1637
user548,xyz670,1637
user549,xyz671,1637
user550,xyz672,1637
user551,xyz673,1637
user552,xyz674,1637
user553,xyz675,1637
user554,xyz676,1637
user555,xyz677,1637
user556,xyz678,1637
user557,xyz679,1637
user558,xyz680,1637
user559,xyz681,1637
user560,xyz682,1637
user561,xyz683,1637
user562,xyz684,1637
user563,xyz685,1637
user564,xyz686,1637
user565,xyz687,1637
user566,xyz688,1637
user567,xyz689,1637
user568,xyz690,1637
user569,xyz691,1637
user570,xyz692,1637
user571,xyz693,1637
user572,xyz694,1637
user573,xyz695,1637
user574,xyz696,1637
user575,xyz697,1637
user576,xyz698,1637
user577,xyz699,1637
user578,xyz700,1637
user579,xyz701,1637
user580,xyz702,1637
user581,xyz703,1637
user582,xyz704,1637
user583,xyz705,1637
user584,xyz706,1637
user585,xyz707,1637
user586,xyz708,1637
user587,xyz709,1637
user588,xyz710,1637
user589,xyz711,1637
user590,xyz712,1637
user591,xyz713,1637
user592,xyz714,1637
user593,xyz715,1637
user594,xyz716,1637
user595,xyz717,1637
user596,xyz718,1637
user597,xyz719,1637
user598,xyz720,1637
user599,xyz721,1637
user600,xyz722,1637
user601,xyz723,1637
user602,xyz724,1637
user603,xyz725,1637
user604,xyz726,1637
user605,xyz727,1637
user606,xyz728,1637
user607,xyz729,1637
user608,xyz730,1637
user609,xyz731,1637
user610,xyz732,1637
user611,xyz733,1637
user612,xyz734,1637
user613,xyz735,1637
user614,xyz736,1637
user615,xyz737,1637
user616,xyz738,1637
user617,xyz739,1637
user618,xyz740,1637
user619,xyz741,1637
user620,xyz742,1637
user621,xyz743,1637
user622,xyz744,1637
user623,xyz745,1637
user624,xyz746,1637
user625,xyz747,1637
user626,xyz748,1637
user627,xyz749,1637
user628,xyz750,1637
user629,xyz751,1637
user630,xyz752,1637
user631,xyz753,1637
user632,xyz754,1637
user633,xyz755,1637
user634,xyz756,1637
user635,xyz757,1637
user636,xyz758,1637
user637,xyz759,1637
user638,xyz760,1637
user639,xyz761,1637
user640,xyz762,1637
user641,xyz763,1637
user642,xyz764,1637
user643,xyz765,1637
user644,xyz766,1637
user645,xyz767,1637
user646,xyz768,1637
user647,xyz769,1637
user648,xyz770,1637
user649,xyz771,1637
user650,xyz772,1637
user651,xyz773,1637
user652,xyz774,1637
user653,xyz775,1637
user654,xyz776,1637
user655,xyz777,1637
user656,xyz778,1637
user657,xyz779,1637
user658,xyz780,1637
user659,xyz781,1637
user660,xyz782,1637
user661,xyz783,1637
user662,xyz784,1637
user663,xyz785,1637
user664,xyz786,1637
user665,xyz787,1637
user666,xyz788,1637
user667,xyz789,1637
user668,xyz790,1637
user669,xyz791,1637
user670,xyz792,1637
user671,xyz793,1637
user672,xyz794,1637
user673,xyz795,1637
user674,xyz796,1637
user675,xyz797,1637
user676,xyz798,1637
user677,xyz799,1637
user678,xyz800,1637
user679,xyz801,1637
user680,xyz802,1637
user681,xyz803,1637
user682,xyz804,1637
user683,xyz805,1637
user684,xyz806,1637
user685,xyz807,1637
user686,xyz808,1637
user687,xyz809,1637
user688,xyz810,1637
user689,xyz811,1637
user690,xyz812,1637
user691,xyz813,1637
user692,xyz814,1637
user693,xyz815,1637
user694,xyz816,1637
user695,xyz817,1637
user696,xyz818,1637
user697,xyz819,1637
user698,xyz820,1637
user699,xyz821,1637
user700,xyz822,1637
user701,xyz823,1637
user702,xyz824,1637
user703,xyz825,1637
user704,xyz826,1637
user705,xyz827,1637
user706,xyz828,1637
user707,xyz829,1637
user708,xyz830,1637
user709,xyz831,1637
user710,xyz832,1637
user711,xyz833,1637
user712,xyz834,1637
user713,xyz835,1637
user714,xyz836,1637
user715,xyz837,1637
user716,xyz838,1637
user717,xyz839,1637
user718,xyz840,1637
user719,xyz841,1637
user720,xyz842,1637
user721,xyz843,1637
user722,xyz844,1637
user723,xyz845,1637
user724,xyz846,1637
user725,xyz847,1637
user726,xyz848,1637
user727,xyz849,1637
user728,xyz850,1637
user729,xyz851,1637
user730,xyz852,1637
user731,xyz853,1637
user732,xyz854,1637
user733,xyz855,1637
user734,xyz856,1637
user735,xyz857,1637
user736,xyz858,1637
user737,xyz859,1637
user738,xyz860,1637
user739,xyz861,1637
user740,xyz862,1637
user741,xyz863,1637
user742,xyz864,1637
user743,xyz865,1637
user744,xyz866,1637
user745,xyz867,1637
user746,xyz868,1637
user747,xyz869,1637
user748,xyz870,1637
user749,xyz871,1637
user750,xyz872,1637
user751,xyz873,1637
user752,xyz874,1637
user753,xyz875,1637
user754,xyz876,1637
user755,xyz877,1637
user756,xyz878,1637
user757,xyz879,1637
user758,xyz880,1637
user759,xyz881,1637
user760,xyz882,1637
user761,xyz883,1637
user762,xyz884,1637
user763,xyz885,1637
user764,xyz886,1637
user765,xyz887,1637
user766,xyz888,1637
user767,xyz889,1637
user768,xyz890,1637
user769,xyz891,1637
user770,xyz892,1637
user771,xyz893,1637
user772,xyz894,1637
user773,xyz895,1637
user774,xyz896,1637
user775,xyz897,1637
user776,xyz898,1637
user777,xyz899,1637
user778,xyz900,1637
user779,xyz901,1637
user780,xyz902,1637
user781,xyz903,1637
user782,xyz904,1637
user783,xyz905,1637
user784,xyz906,1637
user785,xyz907,1637
user786,xyz908,1637
user787,xyz909,1637
user788,xyz910,1637
user789,xyz911,1637
user790,xyz912,1637
user791,xyz913,1637
user792,xyz914,1637
user793,xyz915,1637
user794,xyz916,1637
user795,xyz917,1637
user796,xyz918,1637
user797,xyz919,1637
user798,xyz920,1637
user799,xyz921,1637
user800,xyz922,1637
user801,xyz923,1637
user802,xyz924,1637
user803,xyz925,1637
user804,xyz926,1637
user805,xyz927,1637
user806,xyz928,1637
user807,xyz929,1637
user808,xyz930,1637
user809,xyz931,1637
user810,xyz932,1637
user811,xyz933,1637
user812,xyz934,1637
user813,xyz935,1637
user814,xyz936,1637
user815,xyz937,1637
user816,xyz938,1637
user817,xyz939,1637
user818,xyz940,1637
user819,xyz941,1637
user820,xyz942,1637
user821,xyz943,1637
user822,xyz944,1637
user823,xyz945,1637
user824,xyz946,1637
user825,xyz947,1637
user826,xyz948,1637
user827,xyz949,1637
user828,xyz950,1637
user829,xyz951,1637
user830,xyz952,1637
user831,xyz953,1637
user832,xyz954,1637
user833,xyz955,1637
user834,xyz956,1637
user835,xyz957,1637
user836,xyz958,1637
user837,xyz959,1637
user838,xyz960,1637
user839,xyz961,1637
user840,xyz962,1637
user841,xyz963,1637
user842,xyz964,1637
user843,xyz965,1637
user844,xyz966,1637
user845,xyz967,1637
user846,xyz968,1637
user847,xyz969,1637
user848,xyz970,1637
user849,xyz971,1637
user850,xyz972,1637
user851,xyz973,1637
user852,xyz974,1637
user853,xyz975,1637
user854,xyz976,1637
user855,xyz977,1637
user856,xyz978,1637
user857,xyz979,1637
user858,xyz980,1637
user859,xyz981,1637
user860,xyz982,1637
user861,xyz983,1637
user862,xyz984,1637
user863,xyz985,1637
user864,xyz986,1637
user865,xyz987,1637
user866,xyz988,1637
user867,xyz989,1637
user868,xyz990,1637
user869,xyz991,1637
user870,xyz992,1637
user871,xyz993,1637
user872,xyz994,1637
user873,xyz995,1637
user874,xyz996,1637
user875,xyz997,1637
user876,xyz998,1637
user877,xyz999,1637
user878,xyz1000,1637
user879,xyz1001,1637
user880,xyz1002,1637
user881,xyz1003,1637
user882,xyz1004,1637
user883,xyz1005,1637
user884,xyz1006,1637
user885,xyz1007,1637
user886,xyz1008,1637
user887,xyz1009,1637
user888,xyz1010,1637
user889,xyz1011,1637
user890,xyz1012,1637
user891,xyz1013,1637
user892,xyz1014,1637
user893,xyz1015,1637
user894,xyz1016,1637
user895,xyz1017,1637
user896,xyz1018,1637
user897,xyz1019,1637
user898,xyz1020,1637
user899,xyz1021,1637
user900,xyz1022,1637
user901,xyz1023,1637
user902,xyz1024,1637
user903,xyz1025,1637
user904,xyz1026,1637
user905,xyz1027,1637
user906,xyz1028,1637
user907,xyz1029,1637
user908,xyz1030,1637
user909,xyz1031,1637
user910,xyz1032,1637
user911,xyz1033,1637
user912,xyz1034,1637
user913,xyz1035,1637
user914,xyz1036,1637
user915,xyz1037,1637
user916,xyz1038,1637
user917,xyz1039,1637
user918,xyz1040,1637
user919,xyz1041,1637
user920,xyz1042,1637
user921,xyz1043,1637
user922,xyz1044,1637
user923,xyz1045,1637
user924,xyz1046,1637
user925,xyz1047,1637
user926,xyz1048,1637
user927,xyz1049,1637
user928,xyz1050,1637
user929,xyz1051,1637
user930,xyz1052,1637
user931,xyz1053,1637
user932,xyz1054,1637
user933,xyz1055,1637
user934,xyz1056,1637
user935,xyz1057,1637
user936,xyz1058,1637
user937,xyz1059,1637
user938,xyz1060,1637
user939,xyz1061,1637
user940,xyz1062,1637
user941,xyz1063,1637
user942,xyz1064,1637
user943,xyz1065,1637
user944,xyz1066,1637
user945,xyz1067,1637
user946,xyz1068,1637
user947,xyz1069,1637
user948,xyz1070,1637
user949,xyz1071,1637
user950,xyz1072,1637
user951,xyz1073,1637
user952,xyz1074,1637
user953,xyz1075,1637
user954,xyz1076,1637
user955,xyz1077,1637
user956,xyz1078,1637
user957,xyz1079,1637
user958,xyz1080,1637
user959,xyz1081,1637
user960,xyz1082,1637
user961,xyz1083,1637
user962,xyz1084,1637
user963,xyz1085,1637
user964,xyz1086,1637
user965,xyz1087,1637
user966,xyz1088,1637
user967,xyz1089,1637
user968,xyz1090,1637
user969,xyz1091,1637
user970,xyz1092,1637
user971,xyz1093,1637
user972,xyz1094,1637
user973,xyz1095,1637
user974,xyz1096,1637
user975,xyz1097,1637
user976,xyz1098,1637
user977,xyz1099,1637
user978,xyz1100,1637
user979,xyz1101,1637
user980,xyz1102,1637
user981,xyz1103,1637
user982,xyz1104,1637
user983,xyz1105,1637
user984,xyz1106,1637
user985,xyz1107,1637
user986,xyz1108,1637
user987,xyz1109,1637
user988,xyz1110,1637
user989,xyz1111,1637
user990,xyz1112,1637
user991,xyz1113,1637
user992,xyz1114,1637
user993,xyz1115,1637
user994,xyz1116,1637
user995,xyz1117,1637
